{"name": "dnn_multi_augm_pca", "description": {"dropout_rate": 0.006139492719022066, "input_dim": 94.08157339950867, "learning_rate": 0.00793215140153552, "num_neurons_layer1": 69.90478437564767, "num_neurons_layer2": 31.874906370880705}, "tags": [], "user_attributes": {}, "owner": null, "polaris_version": "dev", "results": [{"testSet": "test", "targetLabel": "CLASS_KIT", "scores": {"accuracy": 0.6206896551724138, "f1": 0.0, "roc_auc": 0.6094276094276094, "pr_auc": 0.4527244967105659, "mcc": 0.0, "cohen_kappa": 0.0}}, {"testSet": "test", "targetLabel": "CLASS_KIT_(T6701_mutant)", "scores": {"accuracy": 0.8390804597701149, "f1": 0.0, "roc_auc": 0.6144814090019569, "pr_auc": 0.25441698872232044, "mcc": 0.0, "cohen_kappa": 0.0}}, {"testSet": "test", "targetLabel": "CLASS_KIT_(V560G_mutant)", "scores": {"accuracy": 0.8620689655172413, "f1": 0.0, "roc_auc": 0.5211111111111111, "pr_auc": 0.19474897403442748, "mcc": 0.0, "cohen_kappa": 0.0}}], "benchmark_name": "pkis1-kit-wt-mut-c-1", "benchmark_owner": {"slug": "polaris", "external_id": "org_2gtoaJIVrgRqiIR8Qm5BnpFCbxu", "type": "organization"}, "github_url": null, "paper_url": null, "contributors": null, "artifact_id": null, "benchmark_artifact_id": "polaris/pkis1-kit-wt-mut-c-1"}