{"name": "dnn_multi_augm", "description": {"dropout_rate": 0.11236203565420874, "learning_rate": 0.00951207163345817, "num_neurons_layer1": 75.87945476302646, "num_neurons_layer2": 63.8792635777333}, "tags": [], "user_attributes": {}, "owner": null, "polaris_version": "dev", "results": [{"testSet": "test", "targetLabel": "CLASS_KIT", "scores": {"accuracy": 0.6206896551724138, "f1": 0.0, "roc_auc": 0.4652076318742986, "pr_auc": 0.39412634299841554, "mcc": 0.0, "cohen_kappa": 0.0}}, {"testSet": "test", "targetLabel": "CLASS_KIT_(T6701_mutant)", "scores": {"accuracy": 0.7931034482758621, "f1": 0.1, "roc_auc": 0.6007827788649707, "pr_auc": 0.25324597091401, "mcc": 0.004256745368656641, "cohen_kappa": 0.003816793893129833}}, {"testSet": "test", "targetLabel": "CLASS_KIT_(V560G_mutant)", "scores": {"accuracy": 0.8620689655172413, "f1": 0.0, "roc_auc": 0.4077777777777778, "pr_auc": 0.12071407199632839, "mcc": 0.0, "cohen_kappa": 0.0}}], "benchmark_name": "pkis1-kit-wt-mut-c-1", "benchmark_owner": {"slug": "polaris", "external_id": "org_2gtoaJIVrgRqiIR8Qm5BnpFCbxu", "type": "organization"}, "github_url": null, "paper_url": null, "contributors": null, "artifact_id": null, "benchmark_artifact_id": "polaris/pkis1-kit-wt-mut-c-1"}