{"name": "gp_ind_cleanX", "description": {"CLASS_KIT_(T6701_mutant)": {"alpha": 0.000564353791300396, "length_scale": 463780}, "CLASS_KIT_(V560G_mutant)": {"alpha": 0.0020584495275217957, "length_scale": 969909}, "CLASS_KIT": {"alpha": 0.005808361311011585, "length_scale": 866176}}, "tags": [], "user_attributes": {}, "owner": null, "polaris_version": "dev", "results": [{"testSet": "test", "targetLabel": "CLASS_KIT", "scores": {"accuracy": 0.6206896551724138, "f1": 0.0, "roc_auc": 0.5, "pr_auc": 0.3793103448275862, "mcc": 0.0, "cohen_kappa": 0.0}}, {"testSet": "test", "targetLabel": "CLASS_KIT_(T6701_mutant)", "scores": {"accuracy": 0.8390804597701149, "f1": 0.0, "roc_auc": 0.5, "pr_auc": 0.16091954022988506, "mcc": 0.0, "cohen_kappa": 0.0}}, {"testSet": "test", "targetLabel": "CLASS_KIT_(V560G_mutant)", "scores": {"accuracy": 0.8620689655172413, "f1": 0.0, "roc_auc": 0.5, "pr_auc": 0.13793103448275862, "mcc": 0.0, "cohen_kappa": 0.0}}], "benchmark_name": "pkis1-kit-wt-mut-c-1", "benchmark_owner": {"slug": "polaris", "external_id": "org_2gtoaJIVrgRqiIR8Qm5BnpFCbxu", "type": "organization"}, "github_url": null, "paper_url": null, "contributors": null, "artifact_id": null, "benchmark_artifact_id": "polaris/pkis1-kit-wt-mut-c-1"}