{"name": "gp_ind", "description": {"CLASS_KIT_(T6701_mutant)": {"alpha": 0.000564353791300396, "length_scale": 13913}, "CLASS_KIT_(V560G_mutant)": {"alpha": 0.0020584495275217957, "length_scale": 29097}, "CLASS_KIT": {"alpha": 0.0135633320645141, "length_scale": 26673}}, "tags": [], "user_attributes": {}, "owner": null, "polaris_version": "dev", "results": [{"testSet": "test", "targetLabel": "CLASS_KIT", "scores": {"accuracy": 0.7126436781609196, "f1": 0.4444444444444444, "roc_auc": 0.4814814814814815, "pr_auc": 0.36652525396637486, "mcc": 0.37428570204651607, "cohen_kappa": 0.30355427473583085}}, {"testSet": "test", "targetLabel": "CLASS_KIT_(T6701_mutant)", "scores": {"accuracy": 0.8390804597701149, "f1": 0.0, "roc_auc": 0.5, "pr_auc": 0.16091954022988506, "mcc": 0.0, "cohen_kappa": 0.0}}, {"testSet": "test", "targetLabel": "CLASS_KIT_(V560G_mutant)", "scores": {"accuracy": 0.8620689655172413, "f1": 0.0, "roc_auc": 0.5, "pr_auc": 0.13793103448275862, "mcc": 0.0, "cohen_kappa": 0.0}}], "benchmark_name": "pkis1-kit-wt-mut-c-1", "benchmark_owner": {"slug": "polaris", "external_id": "org_2gtoaJIVrgRqiIR8Qm5BnpFCbxu", "type": "organization"}, "github_url": null, "paper_url": null, "contributors": null, "artifact_id": null, "benchmark_artifact_id": "polaris/pkis1-kit-wt-mut-c-1"}