{"name": "rf_ind", "description": {"CLASS_KIT_(T6701_mutant)": {"bootstrap": true, "max_depth": 47, "max_features": 0.7580625536884532, "min_samples_leaf": 6, "min_samples_split": 3, "n_estimators": 39}, "CLASS_KIT_(V560G_mutant)": {"bootstrap": true, "max_depth": 47, "max_features": 0.7580625536884532, "min_samples_leaf": 6, "min_samples_split": 3, "n_estimators": 39}, "CLASS_KIT": {"bootstrap": true, "max_depth": 35, "max_features": 0.7658783536012476, "min_samples_leaf": 2, "min_samples_split": 7, "n_estimators": 178}}, "tags": [], "user_attributes": {}, "owner": null, "polaris_version": "dev", "results": [{"testSet": "test", "targetLabel": "CLASS_KIT", "scores": {"accuracy": 0.6551724137931034, "f1": 0.21052631578947367, "roc_auc": 0.8010662177328843, "pr_auc": 0.6506629158664251, "mcc": 0.21409440186418616, "cohen_kappa": 0.12298387096774188}}, {"testSet": "test", "targetLabel": "CLASS_KIT_(T6701_mutant)", "scores": {"accuracy": 0.8390804597701149, "f1": 0.0, "roc_auc": 0.7353228962818004, "pr_auc": 0.6131561014069355, "mcc": 0.0, "cohen_kappa": 0.0}}, {"testSet": "test", "targetLabel": "CLASS_KIT_(V560G_mutant)", "scores": {"accuracy": 0.8620689655172413, "f1": 0.0, "roc_auc": 0.7227777777777777, "pr_auc": 0.4876573617952928, "mcc": 0.0, "cohen_kappa": 0.0}}], "benchmark_name": "pkis1-kit-wt-mut-c-1", "benchmark_owner": {"slug": "polaris", "external_id": "org_2gtoaJIVrgRqiIR8Qm5BnpFCbxu", "type": "organization"}, "github_url": null, "paper_url": null, "contributors": null, "artifact_id": null, "benchmark_artifact_id": "polaris/pkis1-kit-wt-mut-c-1"}