{"name": "rf_multi_augm_pca_clusters", "description": {"bootstrap": false, "input_dim": 100, "max_depth": 50, "max_features": 0.1, "min_samples_leaf": 1, "min_samples_split": 2, "n_estimators": 200}, "tags": [], "user_attributes": {}, "owner": null, "polaris_version": "dev", "results": [{"testSet": "test", "targetLabel": "CLASS_KIT", "scores": {"accuracy": 0.6206896551724138, "f1": 0.0, "roc_auc": 0.7477553310886645, "pr_auc": 0.697615598235066, "mcc": 0.0, "cohen_kappa": 0.0}}, {"testSet": "test", "targetLabel": "CLASS_KIT_(T6701_mutant)", "scores": {"accuracy": 0.8620689655172413, "f1": 0.25, "roc_auc": 0.8620352250489237, "pr_auc": 0.6723174745342232, "mcc": 0.3502700038973536, "cohen_kappa": 0.21856287425149712}}, {"testSet": "test", "targetLabel": "CLASS_KIT_(V560G_mutant)", "scores": {"accuracy": 0.8620689655172413, "f1": 0.0, "roc_auc": 0.8133333333333334, "pr_auc": 0.42858422404601254, "mcc": 0.0, "cohen_kappa": 0.0}}], "benchmark_name": "pkis1-kit-wt-mut-c-1", "benchmark_owner": {"slug": "polaris", "external_id": "org_2gtoaJIVrgRqiIR8Qm5BnpFCbxu", "type": "organization"}, "github_url": null, "paper_url": null, "contributors": null, "artifact_id": null, "benchmark_artifact_id": "polaris/pkis1-kit-wt-mut-c-1"}