{"name": "rf_multi", "description": {"bootstrap": true, "max_depth": 35, "max_features": 0.7658783536012476, "min_samples_leaf": 2, "min_samples_split": 7, "n_estimators": 178}, "tags": [], "user_attributes": {}, "owner": null, "polaris_version": "dev", "results": [{"testSet": "test", "targetLabel": "CLASS_KIT", "scores": {"accuracy": 0.6551724137931034, "f1": 0.21052631578947367, "roc_auc": 0.8035914702581369, "pr_auc": 0.6655345236322525, "mcc": 0.21409440186418616, "cohen_kappa": 0.12298387096774188}}, {"testSet": "test", "targetLabel": "CLASS_KIT_(T6701_mutant)", "scores": {"accuracy": 0.8390804597701149, "f1": 0.0, "roc_auc": 0.7235812133072407, "pr_auc": 0.706434616286833, "mcc": 0.0, "cohen_kappa": 0.0}}, {"testSet": "test", "targetLabel": "CLASS_KIT_(V560G_mutant)", "scores": {"accuracy": 0.8620689655172413, "f1": 0.0, "roc_auc": 0.7444444444444445, "pr_auc": 0.522886448640759, "mcc": 0.0, "cohen_kappa": 0.0}}], "benchmark_name": "pkis1-kit-wt-mut-c-1", "benchmark_owner": {"slug": "polaris", "external_id": "org_2gtoaJIVrgRqiIR8Qm5BnpFCbxu", "type": "organization"}, "github_url": null, "paper_url": null, "contributors": null, "artifact_id": null, "benchmark_artifact_id": "polaris/pkis1-kit-wt-mut-c-1"}