{"name": "rf_multi_augm_pca", "description": {"bootstrap": false, "input_dim": 100, "max_depth": 50, "max_features": 0.1, "min_samples_leaf": 1, "min_samples_split": 10, "n_estimators": 200}, "tags": [], "user_attributes": {}, "owner": null, "polaris_version": "dev", "results": [{"testSet": "test", "targetLabel": "CLASS_KIT", "scores": {"accuracy": 0.6206896551724138, "f1": 0.0, "roc_auc": 0.7511223344556678, "pr_auc": 0.7088371263966747, "mcc": 0.0, "cohen_kappa": 0.0}}, {"testSet": "test", "targetLabel": "CLASS_KIT_(T6701_mutant)", "scores": {"accuracy": 0.8505747126436781, "f1": 0.13333333333333333, "roc_auc": 0.8953033268101762, "pr_auc": 0.6995876707833228, "mcc": 0.246234094381506, "cohen_kappa": 0.11433046202036012}}, {"testSet": "test", "targetLabel": "CLASS_KIT_(V560G_mutant)", "scores": {"accuracy": 0.8620689655172413, "f1": 0.0, "roc_auc": 0.7866666666666667, "pr_auc": 0.40308321056115765, "mcc": 0.0, "cohen_kappa": 0.0}}], "benchmark_name": "pkis1-kit-wt-mut-c-1", "benchmark_owner": {"slug": "polaris", "external_id": "org_2gtoaJIVrgRqiIR8Qm5BnpFCbxu", "type": "organization"}, "github_url": null, "paper_url": null, "contributors": null, "artifact_id": null, "benchmark_artifact_id": "polaris/pkis1-kit-wt-mut-c-1"}