{"name": "svm_ind_no augm", "description": {"CLASS_KIT_(T6701_mutant)": {"C": 728.9973388298779, "gamma": 2}, "CLASS_KIT_(V560G_mutant)": {"C": 248.13272148972155, "gamma": 8}, "CLASS_KIT": {"C": 523.2794904458099, "gamma": 4}}, "tags": [], "user_attributes": {}, "owner": null, "polaris_version": "dev", "results": [{"testSet": "test", "targetLabel": "CLASS_KIT", "scores": {"accuracy": 0.6206896551724138, "f1": 0.0, "roc_auc": 0.5, "pr_auc": 0.3793103448275862, "mcc": 0.0, "cohen_kappa": 0.0}}, {"testSet": "test", "targetLabel": "CLASS_KIT_(T6701_mutant)", "scores": {"accuracy": 0.8390804597701149, "f1": 0.0, "roc_auc": 0.5136986301369864, "pr_auc": 0.16470588235294117, "mcc": 0.0, "cohen_kappa": 0.0}}, {"testSet": "test", "targetLabel": "CLASS_KIT_(V560G_mutant)", "scores": {"accuracy": 0.8620689655172413, "f1": 0.0, "roc_auc": 0.5, "pr_auc": 0.13793103448275862, "mcc": 0.0, "cohen_kappa": 0.0}}], "benchmark_name": "pkis1-kit-wt-mut-c-1", "benchmark_owner": {"slug": "polaris", "external_id": "org_2gtoaJIVrgRqiIR8Qm5BnpFCbxu", "type": "organization"}, "github_url": null, "paper_url": null, "contributors": null, "artifact_id": null, "benchmark_artifact_id": "polaris/pkis1-kit-wt-mut-c-1"}